{"stats":{"minecraft:crafted":{"minecraft:iron_leggings":1,"minecraft:oak_planks":28,"minecraft:bucket":1,"minecraft:iron_chestplate":1,"minecraft:iron_boots":1,"minecraft:crafting_table":1,"minecraft:iron_axe":1,"minecraft:stick":4,"minecraft:iron_pickaxe":1,"minecraft:iron_helmet":1},"minecraft:mined":{"minecraft:short_grass":1,"minecraft:coal_ore":3,"minecraft:oak_log":6,"minecraft:carrots":4,"minecraft:crafting_table":1,"minecraft:oak_leaves":15},"minecraft:custom":{"minecraft:time_since_rest":14770,"minecraft:open_chest":1,"minecraft:sprint_one_cm":66697,"minecraft:play_time":14770,"minecraft:damage_taken":160,"minecraft:walk_one_cm":47779,"minecraft:walk_under_water_one_cm":1228,"minecraft:jump":292,"minecraft:leave_game":2,"minecraft:walk_on_water_one_cm":1347,"minecraft:time_since_death":14770,"minecraft:total_world_time":14770,"minecraft:swim_one_cm":3655,"minecraft:interact_with_crafting_table":4,"minecraft:fall_one_cm":7444,"minecraft:fly_one_cm":17860},"minecraft:used":{"minecraft:apple":1,"minecraft:crafting_table":1,"minecraft:iron_axe":1,"minecraft:iron_pickaxe":3,"minecraft:carrot":11},"minecraft:picked_up":{"minecraft:crafting_table":1,"minecraft:apple":1,"minecraft:oak_log":7,"minecraft:carrot":12,"minecraft:coal":3}},"DataVersion":3700}