{"stats":{"minecraft:dropped":{"minecraft:porkchop":5,"minecraft:diamond_axe":1,"minecraft:lapis_lazuli":11,"minecraft:cooked_beef":6,"minecraft:fletching_table":1,"minecraft:rail":64,"minecraft:emerald":2,"minecraft:dirt":1,"minecraft:white_wool":3,"minecraft:gold_ingot":24,"minecraft:stone_axe":3,"minecraft:rotten_flesh":13,"minecraft:diamond_shovel":2,"minecraft:cooked_mutton":4,"minecraft:azure_bluet":3,"minecraft:spruce_slab":2,"minecraft:arrow":1,"minecraft:glass":3,"minecraft:iron_ingot":33,"minecraft:bread":128,"minecraft:wheat_seeds":29,"minecraft:minecart":1,"minecraft:bookshelf":12,"minecraft:cobblestone":1,"minecraft:book":7,"minecraft:granite":5,"minecraft:coal":253,"minecraft:stick":1,"minecraft:torch":5,"minecraft:wooden_axe":2,"minecraft:iron_axe":1,"minecraft:spruce_sapling":3,"minecraft:tuff":1,"minecraft:diamond_sword":2,"minecraft:spruce_planks":2,"minecraft:spider_eye":3,"minecraft:bamboo":1,"minecraft:spruce_log":30},"minecraft:killed":{"minecraft:cave_spider":6,"minecraft:witch":2,"minecraft:spider":15,"minecraft:skeleton":45,"minecraft:chicken":14,"minecraft:pig":13,"minecraft:zombie_villager":1,"minecraft:creeper":3,"minecraft:sheep":11,"minecraft:zombie":41,"minecraft:donkey":1,"minecraft:cow":9,"minecraft:phantom":2,"minecraft:horse":1,"minecraft:rabbit":2,"minecraft:enderman":1},"minecraft:custom":{"minecraft:interact_with_crafting_table":124,"minecraft:bell_ring":145,"minecraft:leave_game":18,"minecraft:time_since_death":785305,"minecraft:sprint_one_cm":3051152,"minecraft:damage_blocked_by_shield":3027,"minecraft:drop":71,"minecraft:talked_to_villager":71,"minecraft:play_time":785305,"minecraft:jump":10435,"minecraft:walk_on_water_one_cm":61898,"minecraft:enchant_item":8,"minecraft:interact_with_furnace":142,"minecraft:traded_with_villager":81,"minecraft:interact_with_cartography_table":10,"minecraft:interact_with_loom":3,"minecraft:sleep_in_bed":26,"minecraft:damage_dealt":28100,"minecraft:crouch_one_cm":12964,"minecraft:interact_with_smoker":52,"minecraft:mob_kills":173,"minecraft:interact_with_anvil":2,"minecraft:climb_one_cm":133051,"minecraft:walk_one_cm":2529132,"minecraft:sneak_time":6238,"minecraft:walk_under_water_one_cm":45901,"minecraft:boat_one_cm":4353,"minecraft:interact_with_blast_furnace":3,"minecraft:total_world_time":785305,"minecraft:interact_with_grindstone":8,"minecraft:time_since_rest":60625,"minecraft:damage_taken":4409,"minecraft:minecart_one_cm":1094,"minecraft:swim_one_cm":98824,"minecraft:fly_one_cm":1828165,"minecraft:open_chest":301,"minecraft:fall_one_cm":180399},"minecraft:mined":{"minecraft:spruce_planks":101,"minecraft:white_bed":10,"minecraft:cobblestone_stairs":1,"minecraft:obsidian":16,"minecraft:granite":36,"minecraft:grass_block":256,"minecraft:light_gray_bed":2,"minecraft:iron_ore":71,"minecraft:cobbled_deepslate":21,"minecraft:fire":22,"minecraft:pumpkin":3,"minecraft:deepslate_lapis_ore":8,"minecraft:azure_bluet":1,"minecraft:enchanting_table":3,"minecraft:pointed_dripstone":5,"minecraft:dirt_path":15,"minecraft:spruce_slab":65,"minecraft:deepslate_redstone_ore":2,"minecraft:smoker":2,"minecraft:torch":2,"minecraft:chest":4,"minecraft:glass":33,"minecraft:cobblestone":131,"minecraft:sugar_cane":122,"minecraft:oak_planks":1,"minecraft:wall_torch":6,"minecraft:black_bed":1,"minecraft:oak_log":68,"minecraft:sand":67,"minecraft:dirt":98,"minecraft:netherrack":10,"minecraft:oak_leaves":3,"minecraft:deepslate":192,"minecraft:tuff":8,"minecraft:deepslate_diamond_ore":43,"minecraft:ladder":1,"minecraft:spruce_leaves":63,"minecraft:large_fern":5,"minecraft:spruce_sapling":2,"minecraft:furnace":9,"minecraft:carrots":15,"minecraft:bell":5,"minecraft:bookshelf":6,"minecraft:deepslate_iron_ore":14,"minecraft:rail":10,"minecraft:bamboo_sapling":2,"minecraft:bamboo":44,"minecraft:stone":1190,"minecraft:podzol":1,"minecraft:spruce_door":1,"minecraft:oak_fence":5,"minecraft:crafting_table":10,"minecraft:short_grass":113,"minecraft:emerald_ore":2,"minecraft:campfire":2,"minecraft:tall_grass":17,"minecraft:diorite":11,"minecraft:spruce_stairs":2,"minecraft:sweet_berry_bush":32,"minecraft:spruce_log":249,"minecraft:yellow_bed":4,"minecraft:black_wool":1,"minecraft:coal_ore":302,"minecraft:fern":2},"minecraft:used":{"minecraft:iron_shovel":141,"minecraft:spruce_slab":221,"minecraft:ladder":14,"minecraft:chest":10,"minecraft:shield":93,"minecraft:iron_sword":7,"minecraft:bell":7,"minecraft:carrot":18,"minecraft:tuff":2,"minecraft:obsidian":14,"minecraft:spruce_boat":1,"minecraft:glass":141,"minecraft:iron_helmet":1,"minecraft:sweet_berries":41,"minecraft:furnace":11,"minecraft:egg":7,"minecraft:potato":1,"minecraft:diorite":2,"minecraft:diamond_boots":2,"minecraft:spruce_door":7,"minecraft:stone_pickaxe":262,"minecraft:oak_planks":52,"minecraft:ender_pearl":1,"minecraft:diamond_axe":208,"minecraft:sugar_cane":34,"minecraft:glow_berries":5,"minecraft:sand":3,"minecraft:loom":1,"minecraft:black_bed":2,"minecraft:bread":37,"minecraft:diamond_sword":398,"minecraft:cooked_rabbit":1,"minecraft:bone_meal":195,"minecraft:oak_fence":5,"minecraft:oak_trapdoor":1,"minecraft:enchanting_table":3,"minecraft:flint_and_steel":11,"minecraft:spruce_planks":550,"minecraft:wooden_shovel":59,"minecraft:cooked_chicken":10,"minecraft:torch":60,"minecraft:dirt":252,"minecraft:spruce_stairs":29,"minecraft:diamond_helmet":3,"minecraft:spruce_fence":15,"minecraft:granite":22,"minecraft:wooden_axe":8,"minecraft:bookshelf":12,"minecraft:iron_axe":639,"minecraft:bamboo":989,"minecraft:diamond_chestplate":1,"minecraft:cooked_beef":23,"minecraft:cobbled_deepslate":77,"minecraft:pumpkin":3,"minecraft:light_gray_bed":2,"minecraft:pointed_dripstone":4,"minecraft:wheat_seeds":3,"minecraft:cooked_mutton":27,"minecraft:water_bucket":8,"minecraft:baked_potato":14,"minecraft:cartography_table":1,"minecraft:spruce_sign":2,"minecraft:rail":4,"minecraft:crafting_table":11,"minecraft:white_bed":12,"minecraft:campfire":3,"minecraft:spruce_log":201,"minecraft:smoker":2,"minecraft:oak_log":4,"minecraft:black_wool":2,"minecraft:diamond_pickaxe":1212,"minecraft:apple":1,"minecraft:iron_pickaxe":695,"minecraft:map":3,"minecraft:spruce_sapling":88,"minecraft:stone_axe":49,"minecraft:cobblestone":677,"minecraft:cooked_porkchop":10,"minecraft:bucket":7,"minecraft:yellow_bed":5,"minecraft:diamond_leggings":1},"minecraft:picked_up":{"minecraft:wooden_axe":1,"minecraft:iron_chestplate":1,"minecraft:diamond_sword":2,"minecraft:golden_sword":1,"minecraft:string":33,"minecraft:raw_copper":9,"minecraft:activator_rail":1,"minecraft:gold_nugget":2,"minecraft:cobbled_deepslate":231,"minecraft:spruce_planks":182,"minecraft:redstone_torch":1,"minecraft:iron_pickaxe":1,"minecraft:furnace":9,"minecraft:stick":41,"minecraft:oak_fence":64,"minecraft:torch":19,"minecraft:spruce_stairs":2,"minecraft:porkchop":33,"minecraft:pointed_dripstone":9,"minecraft:diorite":11,"minecraft:rotten_flesh":45,"minecraft:light_gray_bed":2,"minecraft:bookshelf":6,"minecraft:obsidian":16,"minecraft:cobblestone":1305,"minecraft:enchanting_table":3,"minecraft:feather":27,"minecraft:cooked_beef":3,"minecraft:andesite":30,"minecraft:black_bed":1,"minecraft:smoker":2,"minecraft:tuff":8,"minecraft:dirt":522,"minecraft:lapis_lazuli":93,"minecraft:bone":59,"minecraft:bow":1,"minecraft:wheat_seeds":57,"minecraft:bell":7,"minecraft:bamboo":521,"minecraft:rabbit":2,"minecraft:fletching_table":1,"minecraft:powered_rail":3,"minecraft:oak_planks":22,"minecraft:sand":67,"minecraft:sugar":2,"minecraft:diamond":43,"minecraft:spruce_boat":2,"minecraft:granite":37,"minecraft:bread":64,"minecraft:emerald":2,"minecraft:oak_sapling":3,"minecraft:netherrack":10,"minecraft:charcoal":4,"minecraft:crafting_table":13,"minecraft:azure_bluet":4,"minecraft:chicken":17,"minecraft:ladder":1,"minecraft:brown_mushroom":1,"minecraft:wooden_pickaxe":1,"minecraft:iron_axe":2,"minecraft:beef":21,"minecraft:oak_boat":1,"minecraft:spruce_slab":79,"minecraft:light_gray_wool":1,"minecraft:minecart":1,"minecraft:sugar_cane":175,"minecraft:chest":4,"minecraft:egg":9,"minecraft:raw_iron":85,"minecraft:carrot":28,"minecraft:redstone":150,"minecraft:arrow":54,"minecraft:stone_shovel":2,"minecraft:hay_block":29,"minecraft:gold_ingot":19,"minecraft:mutton":17,"minecraft:white_wool":15,"minecraft:rail":260,"minecraft:glow_ink_sac":2,"minecraft:leather":12,"minecraft:oak_log":68,"minecraft:yellow_bed":6,"minecraft:gunpowder":4,"minecraft:cobblestone_stairs":1,"minecraft:cooked_mutton":9,"minecraft:apple":1,"minecraft:rabbit_hide":2,"minecraft:iron_ingot":17,"minecraft:stone_pickaxe":2,"minecraft:book":33,"minecraft:pumpkin":3,"minecraft:sweet_berries":47,"minecraft:dandelion":19,"minecraft:spruce_sapling":104,"minecraft:white_bed":12,"minecraft:spruce_log":262,"minecraft:spruce_door":1,"minecraft:spider_eye":5,"minecraft:diamond_shovel":2,"minecraft:stone_axe":2,"minecraft:iron_helmet":10,"minecraft:diamond_axe":1,"minecraft:black_wool":3,"minecraft:coal":601,"minecraft:ender_pearl":5},"minecraft:broken":{"minecraft:wooden_shovel":1,"minecraft:stone_pickaxe":2,"minecraft:iron_axe":2,"minecraft:iron_pickaxe":3},"minecraft:crafted":{"minecraft:oak_planks":220,"minecraft:cooked_chicken":10,"minecraft:stone":8,"minecraft:bookshelf":18,"minecraft:cooked_mutton":12,"minecraft:glass":145,"minecraft:diamond_helmet":2,"minecraft:diamond_leggings":1,"minecraft:chest":6,"minecraft:cooked_rabbit":1,"minecraft:deepslate":1,"minecraft:wooden_shovel":1,"minecraft:emerald":77,"minecraft:cooked_porkchop":10,"minecraft:diamond_axe":1,"minecraft:crafting_table":4,"minecraft:spruce_planks":690,"minecraft:baked_potato":14,"minecraft:iron_helmet":1,"minecraft:spruce_door":6,"minecraft:campfire":3,"minecraft:cartography_table":1,"minecraft:iron_chestplate":1,"minecraft:book":28,"minecraft:paper":75,"minecraft:diamond_pickaxe":1,"minecraft:shield":1,"minecraft:stick":100,"minecraft:iron_ingot":132,"minecraft:iron_pickaxe":2,"minecraft:black_bed":1,"minecraft:furnace":2,"minecraft:bone_meal":195,"minecraft:spruce_fence":15,"minecraft:oak_trapdoor":2,"minecraft:spruce_stairs":28,"minecraft:iron_axe":3,"minecraft:ladder":18,"minecraft:spruce_slab":156,"minecraft:stone_pickaxe":1,"minecraft:diamond_boots":3,"minecraft:wheat":261,"minecraft:cooked_beef":27,"minecraft:diamond_sword":2,"minecraft:iron_sword":1,"minecraft:bucket":4,"minecraft:stone_axe":1,"minecraft:bread":90,"minecraft:air":0,"minecraft:wooden_axe":1,"minecraft:iron_shovel":1,"minecraft:iron_leggings":1,"minecraft:white_bed":1,"minecraft:torch":44,"minecraft:diamond_chestplate":2}},"DataVersion":3700}