{"stats":{"minecraft:dropped":{"minecraft:spruce_planks":35,"minecraft:stick":2},"minecraft:killed":{"minecraft:spider":1,"minecraft:zombie":5},"minecraft:custom":{"minecraft:time_since_rest":16321,"minecraft:crouch_one_cm":62,"minecraft:interact_with_furnace":1,"minecraft:play_time":16321,"minecraft:sprint_one_cm":38064,"minecraft:damage_taken":180,"minecraft:walk_one_cm":45111,"minecraft:sneak_time":263,"minecraft:mob_kills":7,"minecraft:drop":3,"minecraft:jump":139,"minecraft:leave_game":1,"minecraft:damage_dealt":1040,"minecraft:time_since_death":16321,"minecraft:total_world_time":16321,"minecraft:interact_with_crafting_table":7,"minecraft:fall_one_cm":1165,"minecraft:fly_one_cm":22317},"minecraft:mined":{"minecraft:stone":12,"minecraft:spruce_leaves":5,"minecraft:spruce_log":20},"minecraft:used":{"minecraft:wooden_axe":31,"minecraft:dirt":6,"minecraft:crafting_table":1,"minecraft:spruce_planks":4,"minecraft:wooden_pickaxe":12},"minecraft:picked_up":{"minecraft:rotten_flesh":2,"minecraft:spruce_log":18,"minecraft:string":1,"minecraft:dirt":6,"minecraft:cobblestone":14},"minecraft:crafted":{"minecraft:stone_axe":1,"minecraft:crafting_table":1,"minecraft:spruce_planks":72,"minecraft:stick":8,"minecraft:wooden_pickaxe":1,"minecraft:wooden_axe":1}},"DataVersion":3700}