{"stats":{"minecraft:dropped":{"minecraft:oak_log":2,"minecraft:glow_berries":6,"minecraft:dirt":3,"minecraft:sugar":2,"minecraft:iron_pickaxe":1,"minecraft:gravel":5,"minecraft:cobbled_deepslate":29,"minecraft:rotten_flesh":10,"minecraft:cooked_mutton":7,"minecraft:white_bed":1,"minecraft:yellow_stained_glass_pane":1,"minecraft:arrow":5,"minecraft:bread":9,"minecraft:mossy_cobblestone":1,"minecraft:feather":1,"minecraft:cobblestone":2,"minecraft:spruce_stairs":1,"minecraft:stick":4,"minecraft:diorite":9,"minecraft:iron_axe":1,"minecraft:spruce_sapling":72,"minecraft:composter":2,"minecraft:stone":1,"minecraft:spruce_planks":32,"minecraft:andesite":7,"minecraft:yellow_bed":1,"minecraft:spider_eye":2,"minecraft:bamboo":117,"minecraft:wooden_pickaxe":2},"minecraft:killed":{"minecraft:witch":1,"minecraft:spider":21,"minecraft:skeleton":35,"minecraft:chicken":3,"minecraft:pig":14,"minecraft:zombie_villager":1,"minecraft:creeper":9,"minecraft:sheep":59,"minecraft:pillager":2,"minecraft:zombie":66,"minecraft:cow":13,"minecraft:enderman":1},"minecraft:custom":{"minecraft:interact_with_crafting_table":121,"minecraft:leave_game":16,"minecraft:time_since_death":360280,"minecraft:sprint_one_cm":1304401,"minecraft:damage_blocked_by_shield":150,"minecraft:drop":47,"minecraft:talked_to_villager":16,"minecraft:play_time":566667,"minecraft:deaths":3,"minecraft:jump":9827,"minecraft:walk_on_water_one_cm":83655,"minecraft:interact_with_furnace":220,"minecraft:sleep_in_bed":11,"minecraft:damage_dealt":35530,"minecraft:crouch_one_cm":91606,"minecraft:interact_with_smoker":29,"minecraft:mob_kills":231,"minecraft:climb_one_cm":31035,"minecraft:walk_one_cm":1983010,"minecraft:sneak_time":29479,"minecraft:walk_under_water_one_cm":59277,"minecraft:interact_with_blast_furnace":15,"minecraft:total_world_time":566667,"minecraft:time_since_rest":22,"minecraft:damage_taken":6619,"minecraft:damage_absorbed":40,"minecraft:swim_one_cm":116515,"minecraft:fly_one_cm":1431366,"minecraft:open_chest":362,"minecraft:fall_one_cm":254472},"minecraft:mined":{"minecraft:spruce_planks":199,"minecraft:white_bed":6,"minecraft:cobblestone_stairs":18,"minecraft:brewing_stand":1,"minecraft:granite":23,"minecraft:grass_block":180,"minecraft:red_stained_glass_pane":18,"minecraft:spawner":3,"minecraft:raw_iron_block":1,"minecraft:glowstone":31,"minecraft:iron_ore":193,"minecraft:cobbled_deepslate":26,"minecraft:fire":11,"minecraft:fletching_table":1,"minecraft:deepslate_lapis_ore":12,"minecraft:azure_bluet":3,"minecraft:pointed_dripstone":5,"minecraft:oak_stairs":1,"minecraft:deepslate_redstone_ore":9,"minecraft:kelp_plant":36,"minecraft:smoker":2,"minecraft:torch":20,"minecraft:blast_furnace":2,"minecraft:calcite":2,"minecraft:poppy":39,"minecraft:chest":16,"minecraft:cobblestone":173,"minecraft:sugar_cane":13,"minecraft:oak_planks":10,"minecraft:wall_torch":50,"minecraft:wheat":47,"minecraft:stone_brick_stairs":85,"minecraft:yellow_stained_glass_pane":10,"minecraft:oak_log":12,"minecraft:beetroots":7,"minecraft:sand":222,"minecraft:dirt":74,"minecraft:smooth_basalt":4,"minecraft:netherrack":5,"minecraft:oak_leaves":5,"minecraft:deepslate":671,"minecraft:diamond_ore":1,"minecraft:red_carpet":3,"minecraft:tuff":60,"minecraft:mossy_cobblestone":1,"minecraft:deepslate_diamond_ore":225,"minecraft:glow_lichen":2,"minecraft:spruce_leaves":100,"minecraft:kelp":3,"minecraft:hay_block":11,"minecraft:furnace":9,"minecraft:carrots":41,"minecraft:andesite":35,"minecraft:gold_block":1,"minecraft:bookshelf":4,"minecraft:potatoes":20,"minecraft:deepslate_iron_ore":84,"minecraft:rail":3,"minecraft:stripped_oak_log":4,"minecraft:bamboo_sapling":12,"minecraft:bamboo":24,"minecraft:stone":1264,"minecraft:smithing_table":1,"minecraft:glass_pane":3,"minecraft:stone_brick_slab":46,"minecraft:spruce_door":3,"minecraft:dandelion":44,"minecraft:oak_fence":1,"minecraft:crafting_table":10,"minecraft:short_grass":100,"minecraft:emerald_ore":2,"minecraft:lectern":1,"minecraft:tall_grass":70,"minecraft:copper_ore":15,"minecraft:lapis_ore":16,"minecraft:deepslate_gold_ore":5,"minecraft:diorite":33,"minecraft:spruce_stairs":68,"minecraft:sweet_berry_bush":39,"minecraft:spruce_log":370,"minecraft:yellow_bed":7,"minecraft:coal_ore":157,"minecraft:gravel":9,"minecraft:dripstone_block":12,"minecraft:stone_bricks":204,"minecraft:fern":2},"minecraft:used":{"minecraft:ladder":14,"minecraft:chest":29,"minecraft:shield":5,"minecraft:stone":2,"minecraft:rotten_flesh":45,"minecraft:carrot":36,"minecraft:tuff":44,"minecraft:stone_brick_stairs":267,"minecraft:stone_bricks":620,"minecraft:red_carpet":46,"minecraft:red_stained_glass_pane":60,"minecraft:bow":9,"minecraft:sweet_berries":88,"minecraft:furnace":16,"minecraft:egg":1,"minecraft:spruce_door":5,"minecraft:stone_pickaxe":262,"minecraft:wooden_pickaxe":11,"minecraft:composter":2,"minecraft:diamond_axe":889,"minecraft:golden_apple":1,"minecraft:glow_berries":4,"minecraft:blast_furnace":3,"minecraft:bread":39,"minecraft:gravel":11,"minecraft:andesite":2,"minecraft:bone_meal":21,"minecraft:oak_fence":1,"minecraft:flint_and_steel":31,"minecraft:spruce_planks":1287,"minecraft:netherrack":2,"minecraft:torch":173,"minecraft:dirt":129,"minecraft:spruce_stairs":401,"minecraft:spruce_fence":38,"minecraft:stone_brick_slab":293,"minecraft:iron_axe":747,"minecraft:oak_stairs":1,"minecraft:glowstone":18,"minecraft:cobbled_deepslate":404,"minecraft:cooked_mutton":26,"minecraft:water_bucket":60,"minecraft:cobblestone_stairs":37,"minecraft:baked_potato":10,"minecraft:crafting_table":15,"minecraft:yellow_stained_glass_pane":43,"minecraft:white_bed":6,"minecraft:smoker":3,"minecraft:spruce_log":103,"minecraft:diamond_pickaxe":35,"minecraft:diamond_shovel":460,"minecraft:chicken":2,"minecraft:iron_pickaxe":3193,"minecraft:spruce_sapling":12,"minecraft:stone_axe":67,"minecraft:cobblestone":866,"minecraft:porkchop":5,"minecraft:bucket":62,"minecraft:yellow_bed":5},"minecraft:picked_up":{"minecraft:iron_chestplate":2,"minecraft:wheat":3,"minecraft:smithing_table":1,"minecraft:stone_slab":5,"minecraft:oak_stairs":1,"minecraft:stone_brick_stairs":88,"minecraft:brewing_stand":2,"minecraft:string":27,"minecraft:raw_copper":92,"minecraft:iron_leggings":2,"minecraft:gold_nugget":26,"minecraft:cobbled_deepslate":758,"minecraft:spruce_planks":195,"minecraft:calcite":2,"minecraft:iron_pickaxe":1,"minecraft:iron_boots":1,"minecraft:furnace":9,"minecraft:golden_helmet":1,"minecraft:stick":82,"minecraft:composter":2,"minecraft:oak_fence":1,"minecraft:torch":161,"minecraft:spruce_stairs":67,"minecraft:porkchop":23,"minecraft:dried_kelp":4,"minecraft:pointed_dripstone":13,"minecraft:diorite":21,"minecraft:rotten_flesh":92,"minecraft:cobblestone":1530,"minecraft:feather":13,"minecraft:water_bucket":1,"minecraft:andesite":28,"minecraft:smoker":2,"minecraft:potato":22,"minecraft:flint":6,"minecraft:tuff":73,"minecraft:dirt":411,"minecraft:lapis_lazuli":232,"minecraft:name_tag":1,"minecraft:bone":60,"minecraft:glass":41,"minecraft:bow":4,"minecraft:wheat_seeds":351,"minecraft:raw_gold":15,"minecraft:glowstone_dust":81,"minecraft:fletching_table":1,"minecraft:bamboo":261,"minecraft:oak_planks":19,"minecraft:sand":219,"minecraft:mossy_cobblestone":1,"minecraft:sugar":2,"minecraft:diamond":248,"minecraft:yellow_stained_glass_pane":25,"minecraft:crossbow":2,"minecraft:granite":12,"minecraft:emerald":2,"minecraft:oak_sapling":2,"minecraft:netherrack":4,"minecraft:fishing_rod":1,"minecraft:crafting_table":10,"minecraft:azure_bluet":69,"minecraft:chicken":3,"minecraft:ladder":9,"minecraft:leather_leggings":1,"minecraft:golden_pickaxe":1,"minecraft:wooden_pickaxe":4,"minecraft:gold_block":3,"minecraft:cornflower":1,"minecraft:iron_axe":1,"minecraft:flint_and_steel":2,"minecraft:beef":22,"minecraft:poppy":48,"minecraft:spruce_slab":6,"minecraft:lectern":1,"minecraft:sugar_cane":93,"minecraft:chest":16,"minecraft:egg":6,"minecraft:raw_iron":279,"minecraft:stone":17,"minecraft:red_stained_glass_pane":23,"minecraft:carrot":50,"minecraft:redstone":55,"minecraft:arrow":58,"minecraft:stone_shovel":5,"minecraft:beetroot_seeds":21,"minecraft:hay_block":11,"minecraft:mutton":84,"minecraft:white_wool":144,"minecraft:rail":4,"minecraft:stripped_oak_log":4,"minecraft:glow_ink_sac":4,"minecraft:leather":26,"minecraft:oak_log":13,"minecraft:golden_boots":2,"minecraft:yellow_bed":9,"minecraft:gunpowder":20,"minecraft:cobblestone_stairs":19,"minecraft:cooked_mutton":2,"minecraft:red_carpet":3,"minecraft:stone_bricks":187,"minecraft:kelp":248,"minecraft:iron_ingot":125,"minecraft:book":12,"minecraft:smooth_basalt":4,"minecraft:sweet_berries":116,"minecraft:stone_brick_slab":50,"minecraft:dandelion":216,"minecraft:raw_iron_block":2,"minecraft:dripstone_block":1,"minecraft:gravel":17,"minecraft:spruce_sapling":221,"minecraft:blast_furnace":2,"minecraft:white_bed":8,"minecraft:spruce_log":605,"minecraft:spruce_door":6,"minecraft:spider_eye":9,"minecraft:stone_axe":2,"minecraft:iron_helmet":2,"minecraft:gray_wool":2,"minecraft:black_wool":1,"minecraft:coal":173,"minecraft:ender_pearl":1},"minecraft:killed_by":{"minecraft:zombie":1},"minecraft:broken":{"minecraft:stone_pickaxe":2,"minecraft:stone_axe":1,"minecraft:iron_axe":4,"minecraft:iron_pickaxe":11},"minecraft:crafted":{"minecraft:red_stained_glass_pane":64,"minecraft:oak_planks":44,"minecraft:smooth_stone":3,"minecraft:stone":854,"minecraft:cobblestone_stairs":20,"minecraft:diamond_shovel":1,"minecraft:cooked_mutton":69,"minecraft:glass":87,"minecraft:stone_brick_slab":252,"minecraft:diamond_helmet":1,"minecraft:diamond_leggings":1,"minecraft:iron_boots":2,"minecraft:chest":18,"minecraft:dried_kelp_block":28,"minecraft:stone_bricks":844,"minecraft:smoker":1,"minecraft:diamond_axe":1,"minecraft:crafting_table":7,"minecraft:spruce_planks":1984,"minecraft:wooden_pickaxe":1,"minecraft:baked_potato":20,"minecraft:iron_helmet":3,"minecraft:spruce_door":3,"minecraft:red_wool":44,"minecraft:stone_brick_stairs":188,"minecraft:iron_chestplate":3,"minecraft:diamond_pickaxe":1,"minecraft:yellow_dye":44,"minecraft:shield":2,"minecraft:stick":200,"minecraft:iron_ingot":215,"minecraft:iron_pickaxe":13,"minecraft:furnace":9,"minecraft:blast_furnace":1,"minecraft:bone_meal":21,"minecraft:spruce_fence":39,"minecraft:glass_pane":112,"minecraft:spruce_stairs":340,"minecraft:iron_axe":5,"minecraft:ladder":15,"minecraft:stone_pickaxe":2,"minecraft:diamond_boots":1,"minecraft:wheat":99,"minecraft:red_dye":64,"minecraft:dried_kelp":256,"minecraft:yellow_stained_glass_pane":48,"minecraft:bucket":2,"minecraft:red_carpet":66,"minecraft:stone_axe":1,"minecraft:glowstone":18,"minecraft:bread":41,"minecraft:air":0,"minecraft:iron_leggings":3,"minecraft:torch":60,"minecraft:diamond_chestplate":1}},"DataVersion":3700}