{"stats":{"minecraft:killed":{"minecraft:pig":5,"minecraft:salmon":6,"minecraft:sheep":5,"minecraft:skeleton":2,"minecraft:zombie":1,"minecraft:chicken":3,"minecraft:cow":2},"minecraft:killed_by":{"minecraft:zombie":1},"minecraft:mined":{"minecraft:white_bed":1,"minecraft:dandelion":1,"minecraft:crafting_table":2,"minecraft:short_grass":14,"minecraft:grass_block":15,"minecraft:spruce_leaves":3,"minecraft:oak_planks":4,"minecraft:large_fern":6,"minecraft:carrots":3,"minecraft:wheat":1,"minecraft:spruce_log":6,"minecraft:birch_leaves":2,"minecraft:oak_log":12,"minecraft:pointed_dripstone":2,"minecraft:coal_ore":5,"minecraft:dirt":3,"minecraft:stone":7,"minecraft:oak_leaves":12,"minecraft:fern":1},"minecraft:crafted":{"minecraft:wooden_sword":1,"minecraft:oak_planks":48,"minecraft:crafting_table":4,"minecraft:spruce_planks":24,"minecraft:wooden_pickaxe":2,"minecraft:iron_helmet":1,"minecraft:iron_sword":1,"minecraft:iron_boots":1,"minecraft:iron_chestplate":1,"minecraft:wooden_hoe":1,"minecraft:iron_axe":1,"minecraft:stick":24,"minecraft:iron_pickaxe":1,"minecraft:stone_pickaxe":1,"minecraft:stone_sword":1,"minecraft:iron_leggings":1},"minecraft:dropped":{"minecraft:wheat_seeds":1,"minecraft:rotten_flesh":1},"minecraft:custom":{"minecraft:mob_kills":24,"minecraft:interact_with_crafting_table":10,"minecraft:leave_game":11,"minecraft:time_since_death":25447,"minecraft:climb_one_cm":2581,"minecraft:time_since_rest":25475,"minecraft:sprint_one_cm":172522,"minecraft:damage_taken":1613,"minecraft:walk_one_cm":366090,"minecraft:drop":2,"minecraft:minecart_one_cm":8511,"minecraft:damage_dealt":2344,"minecraft:swim_one_cm":8422,"minecraft:talked_to_villager":1,"minecraft:fly_one_cm":48160,"minecraft:open_chest":7,"minecraft:crouch_one_cm":2320,"minecraft:play_time":71690,"minecraft:deaths":4,"minecraft:sneak_time":439,"minecraft:walk_under_water_one_cm":24227,"minecraft:jump":1199,"minecraft:walk_on_water_one_cm":27860,"minecraft:total_world_time":71690,"minecraft:fall_one_cm":32863},"minecraft:picked_up":{"minecraft:crafting_table":2,"minecraft:wheat":1,"minecraft:feather":2,"minecraft:chicken":3,"minecraft:salmon":5,"minecraft:leather":2,"minecraft:brown_wool":1,"minecraft:oak_log":12,"minecraft:dirt":18,"minecraft:bone":3,"minecraft:wheat_seeds":5,"minecraft:beef":3,"minecraft:birch_sapling":1,"minecraft:oak_planks":1,"minecraft:egg":1,"minecraft:stick":3,"minecraft:dandelion":1,"minecraft:porkchop":8,"minecraft:carrot":13,"minecraft:pointed_dripstone":5,"minecraft:spruce_log":6,"minecraft:white_bed":1,"minecraft:rotten_flesh":1,"minecraft:bone_meal":1,"minecraft:oak_sapling":2,"minecraft:black_wool":1,"minecraft:mutton":8,"minecraft:coal":5,"minecraft:white_wool":3,"minecraft:cobblestone":7},"minecraft:used":{"minecraft:wheat_seeds":3,"minecraft:stone_sword":30,"minecraft:stone_pickaxe":8,"minecraft:oak_planks":4,"minecraft:wooden_pickaxe":6,"minecraft:iron_sword":2,"minecraft:salmon":5,"minecraft:dirt":14,"minecraft:mutton":6,"minecraft:crafting_table":6,"minecraft:carrot":13,"minecraft:white_bed":1,"minecraft:wooden_hoe":10,"minecraft:black_wool":1,"minecraft:chicken":2,"minecraft:birch_sapling":1,"minecraft:wooden_sword":30,"minecraft:beef":3,"minecraft:oak_sapling":1,"minecraft:porkchop":7,"minecraft:egg":1,"minecraft:bone_meal":1}},"DataVersion":3700}