{"stats":{"minecraft:killed":{"minecraft:cave_spider":7,"minecraft:witch":1,"minecraft:spider":12,"minecraft:skeleton":37,"minecraft:chicken":2,"minecraft:silverfish":1,"minecraft:turtle":2,"minecraft:pig":9,"minecraft:salmon":42,"minecraft:iron_golem":2,"minecraft:creeper":10,"minecraft:sheep":7,"minecraft:trader_llama":1,"minecraft:zombie":54,"minecraft:cow":25,"minecraft:phantom":2,"minecraft:wandering_trader":1,"minecraft:villager":1,"minecraft:enderman":6},"minecraft:killed_by":{"minecraft:zombie":2,"minecraft:enderman":1},"minecraft:crafted":{"minecraft:smooth_stone":9,"minecraft:oak_planks":124,"minecraft:cobblestone_slab":318,"minecraft:cooked_chicken":1,"minecraft:stone":206,"minecraft:lever":12,"minecraft:diamond_shovel":1,"minecraft:bookshelf":7,"minecraft:cooked_mutton":9,"minecraft:glass":143,"minecraft:hopper":9,"minecraft:stone_brick_slab":96,"minecraft:diamond_helmet":2,"minecraft:diamond_leggings":2,"minecraft:chest":23,"minecraft:oak_button":1,"minecraft:stone_hoe":15,"minecraft:stone_bricks":176,"minecraft:cooked_rabbit":1,"minecraft:smoker":1,"minecraft:oak_slab":42,"minecraft:emerald":184,"minecraft:cooked_porkchop":15,"minecraft:diamond_axe":1,"minecraft:crafting_table":9,"minecraft:spruce_planks":1876,"minecraft:iron_helmet":11,"minecraft:wooden_pickaxe":1,"minecraft:baked_potato":2,"minecraft:smithing_table":1,"minecraft:oak_wood":3,"minecraft:spruce_trapdoor":20,"minecraft:lectern":1,"minecraft:iron_chestplate":1,"minecraft:paper":30,"minecraft:diamond_pickaxe":3,"minecraft:shield":1,"minecraft:stick":2772,"minecraft:iron_ingot":103,"minecraft:iron_pickaxe":3,"minecraft:iron_block":3,"minecraft:gold_ingot":28,"minecraft:redstone_torch":22,"minecraft:composter":3,"minecraft:golden_carrot":8,"minecraft:fishing_rod":2,"minecraft:furnace":8,"minecraft:blast_furnace":3,"minecraft:piston":10,"minecraft:bone_meal":21,"minecraft:spruce_fence":12,"minecraft:oak_trapdoor":10,"minecraft:spruce_stairs":24,"minecraft:iron_axe":5,"minecraft:stone_pickaxe":2,"minecraft:diamond_boots":2,"minecraft:spruce_boat":3,"minecraft:minecart":1,"minecraft:cooked_beef":50,"minecraft:crossbow":10,"minecraft:spruce_sign":21,"minecraft:enchanting_table":1,"minecraft:powered_rail":18,"minecraft:cooked_salmon":37,"minecraft:bucket":4,"minecraft:stone_axe":1,"minecraft:enchanted_book":2,"minecraft:bread":10,"minecraft:air":0,"minecraft:oak_fence_gate":2,"minecraft:oak_boat":2,"minecraft:white_wool":5,"minecraft:gold_nugget":63,"minecraft:anvil":1,"minecraft:white_bed":4,"minecraft:torch":40,"minecraft:diamond_chestplate":1},"minecraft:mined":{"minecraft:spruce_planks":29,"minecraft:white_bed":46,"minecraft:farmland":1,"minecraft:sculk_vein":2,"minecraft:brewing_stand":1,"minecraft:obsidian":1,"minecraft:spruce_trapdoor":3,"minecraft:granite":39,"minecraft:grass_block":489,"minecraft:composter":20,"minecraft:hopper":9,"minecraft:tall_seagrass":3,"minecraft:sculk_catalyst":1,"minecraft:iron_ore":115,"minecraft:cobbled_deepslate":11,"minecraft:pumpkin":3,"minecraft:fletching_table":5,"minecraft:deepslate_lapis_ore":3,"minecraft:azure_bluet":22,"minecraft:pointed_dripstone":3,"minecraft:dirt_path":8,"minecraft:deepslate_redstone_ore":34,"minecraft:smoker":7,"minecraft:blast_furnace":14,"minecraft:chest":1,"minecraft:spruce_wall_sign":2,"minecraft:glass":6,"minecraft:cobblestone":585,"minecraft:sugar_cane":30,"minecraft:oak_planks":25,"minecraft:wall_torch":10,"minecraft:amethyst_block":7,"minecraft:powered_rail":26,"minecraft:wheat":14,"minecraft:black_bed":1,"minecraft:oak_log":44,"minecraft:oak_fence_gate":3,"minecraft:loom":23,"minecraft:sand":279,"minecraft:dirt":654,"minecraft:smooth_basalt":1,"minecraft:oak_leaves":14,"minecraft:deepslate":167,"minecraft:tuff":6,"minecraft:mossy_cobblestone":3,"minecraft:deepslate_diamond_ore":54,"minecraft:lever":3,"minecraft:spruce_fence":2,"minecraft:redstone_wire":1,"minecraft:spruce_leaves":46,"minecraft:kelp":3,"minecraft:hay_block":60,"minecraft:oak_trapdoor":12,"minecraft:spruce_sapling":1,"minecraft:furnace":7,"minecraft:carrots":86,"minecraft:andesite":21,"minecraft:gold_block":3,"minecraft:bell":16,"minecraft:potatoes":20,"minecraft:deepslate_iron_ore":66,"minecraft:cobblestone_slab":144,"minecraft:rail":414,"minecraft:bamboo_sapling":2,"minecraft:bamboo":73,"minecraft:stone":1294,"minecraft:redstone_wall_torch":2,"minecraft:smithing_table":5,"minecraft:stone_brick_slab":8,"minecraft:dandelion":15,"minecraft:oak_fence":58,"minecraft:crafting_table":31,"minecraft:short_grass":337,"minecraft:emerald_ore":9,"minecraft:oak_wood":1,"minecraft:lectern":74,"minecraft:tall_grass":22,"minecraft:copper_ore":5,"minecraft:sculk":5,"minecraft:diorite":71,"minecraft:spruce_stairs":5,"minecraft:redstone_torch":30,"minecraft:sweet_berry_bush":8,"minecraft:spruce_log":589,"minecraft:birch_leaves":1,"minecraft:yellow_bed":13,"minecraft:black_wool":1,"minecraft:coal_ore":210,"minecraft:gravel":41,"minecraft:cobweb":8,"minecraft:stone_bricks":2,"minecraft:gold_ore":2,"minecraft:infested_stone":2},"minecraft:broken":{"minecraft:golden_boots":1,"minecraft:stone_pickaxe":1,"minecraft:stone_axe":1,"minecraft:wooden_axe":1,"minecraft:fishing_rod":1,"minecraft:stone_hoe":1,"minecraft:iron_axe":3,"minecraft:iron_pickaxe":3},"minecraft:dropped":{"minecraft:diamond_axe":2,"minecraft:cooked_beef":2,"minecraft:glow_ink_sac":5,"minecraft:crossbow":8,"minecraft:leather":22,"minecraft:fletching_table":1,"minecraft:rail":6,"minecraft:dirt":16,"minecraft:gold_nugget":4,"minecraft:sand":1,"minecraft:sugar":1,"minecraft:white_wool":4,"minecraft:bone":3,"minecraft:sugar_cane":9,"minecraft:cobbled_deepslate":22,"minecraft:wheat":2,"minecraft:pointed_dripstone":5,"minecraft:rotten_flesh":36,"minecraft:oak_planks":30,"minecraft:cooked_mutton":2,"minecraft:azure_bluet":8,"minecraft:white_bed":1,"minecraft:gunpowder":6,"minecraft:beetroot_seeds":2,"minecraft:arrow":15,"minecraft:stone_hoe":50,"minecraft:golden_boots":1,"minecraft:iron_ingot":6,"minecraft:wheat_seeds":81,"minecraft:diamond_leggings":1,"minecraft:iron_helmet":20,"minecraft:oak_fence":1,"minecraft:feather":1,"minecraft:book":9,"minecraft:apple":1,"minecraft:granite":4,"minecraft:activator_rail":1,"minecraft:grass_block":1,"minecraft:coal":95,"minecraft:stick":8,"minecraft:torch":4,"minecraft:brown_wool":1,"minecraft:diamond_helmet":1,"minecraft:potion":1,"minecraft:iron_axe":2,"minecraft:string":5,"minecraft:dandelion":4,"minecraft:furnace":2,"minecraft:tuff":1,"minecraft:raw_iron":1,"minecraft:filled_map":1,"minecraft:stone":1,"minecraft:iron_chestplate":1,"minecraft:yellow_bed":1,"minecraft:oak_sapling":2,"minecraft:spider_eye":4,"minecraft:bamboo":2,"minecraft:diamond_boots":1,"minecraft:stone_pickaxe":1,"minecraft:raw_gold":2,"minecraft:bell":2,"minecraft:black_wool":1},"minecraft:custom":{"minecraft:interact_with_crafting_table":140,"minecraft:bell_ring":62,"minecraft:leave_game":29,"minecraft:time_since_death":720740,"minecraft:sprint_one_cm":3368659,"minecraft:damage_blocked_by_shield":1559,"minecraft:drop":225,"minecraft:talked_to_villager":381,"minecraft:play_time":868391,"minecraft:deaths":4,"minecraft:jump":16157,"minecraft:walk_on_water_one_cm":219159,"minecraft:enchant_item":1,"minecraft:interact_with_furnace":266,"minecraft:traded_with_villager":225,"minecraft:interact_with_cartography_table":3,"minecraft:interact_with_loom":5,"minecraft:sleep_in_bed":37,"minecraft:damage_dealt":36694,"minecraft:crouch_one_cm":234203,"minecraft:interact_with_smoker":69,"minecraft:interact_with_smithing_table":1,"minecraft:interact_with_anvil":5,"minecraft:mob_kills":229,"minecraft:climb_one_cm":54610,"minecraft:walk_one_cm":1710185,"minecraft:sneak_time":66683,"minecraft:walk_under_water_one_cm":66622,"minecraft:boat_one_cm":707089,"minecraft:interact_with_blast_furnace":3,"minecraft:total_world_time":868391,"minecraft:interact_with_grindstone":1,"minecraft:time_since_rest":112544,"minecraft:damage_taken":9632,"minecraft:minecart_one_cm":183,"minecraft:swim_one_cm":173454,"minecraft:fly_one_cm":2850295,"minecraft:open_chest":368,"minecraft:fall_one_cm":430300},"minecraft:used":{"minecraft:chest":13,"minecraft:shield":59,"minecraft:bell":13,"minecraft:iron_chestplate":1,"minecraft:carrot":147,"minecraft:tuff":1,"minecraft:azure_bluet":12,"minecraft:spruce_boat":22,"minecraft:glass":91,"minecraft:lava_bucket":2,"minecraft:stone_bricks":93,"minecraft:golden_sword":61,"minecraft:bow":3,"minecraft:sweet_berries":17,"minecraft:oak_sapling":4,"minecraft:furnace":9,"minecraft:cooked_cod":3,"minecraft:egg":4,"minecraft:potato":24,"minecraft:golden_boots":5,"minecraft:diorite":12,"minecraft:diamond_boots":1,"minecraft:oak_planks":12,"minecraft:stone_pickaxe":200,"minecraft:powered_rail":46,"minecraft:wooden_pickaxe":11,"minecraft:sugar_cane":4,"minecraft:composter":19,"minecraft:diamond_axe":1056,"minecraft:loom":21,"minecraft:blast_furnace":16,"minecraft:black_bed":1,"minecraft:redstone_torch":46,"minecraft:lever":13,"minecraft:bread":87,"minecraft:lectern":76,"minecraft:gravel":3,"minecraft:fire_charge":1,"minecraft:smithing_table":7,"minecraft:cooked_rabbit":1,"minecraft:andesite":1,"minecraft:oak_boat":20,"minecraft:bone_meal":22,"minecraft:oak_trapdoor":17,"minecraft:enchanting_table":1,"minecraft:redstone":21,"minecraft:spruce_planks":136,"minecraft:cooked_salmon":14,"minecraft:stone_hoe":239,"minecraft:cooked_chicken":1,"minecraft:torch":42,"minecraft:brewing_stand":1,"minecraft:dirt":1198,"minecraft:anvil":1,"minecraft:hopper":18,"minecraft:spruce_stairs":27,"minecraft:diamond_helmet":1,"minecraft:oak_wood":3,"minecraft:granite":35,"minecraft:spruce_fence":12,"minecraft:oak_fence_gate":5,"minecraft:stone_brick_slab":60,"minecraft:wooden_axe":41,"minecraft:bookshelf":10,"minecraft:iron_axe":667,"minecraft:bamboo":13,"minecraft:diamond_chestplate":1,"minecraft:golden_carrot":8,"minecraft:minecart":37,"minecraft:cooked_beef":54,"minecraft:cobbled_deepslate":73,"minecraft:cooked_mutton":9,"minecraft:water_bucket":140,"minecraft:amethyst_block":7,"minecraft:glass_bottle":1,"minecraft:baked_potato":2,"minecraft:spruce_sign":21,"minecraft:fletching_table":6,"minecraft:cobblestone_slab":446,"minecraft:rail":334,"minecraft:crafting_table":34,"minecraft:white_bed":46,"minecraft:spruce_log":22,"minecraft:smoker":7,"minecraft:oak_log":9,"minecraft:piston":10,"minecraft:activator_rail":2,"minecraft:diamond_pickaxe":2444,"minecraft:diamond_shovel":1384,"minecraft:iron_pickaxe":752,"minecraft:oak_button":3,"minecraft:spruce_trapdoor":23,"minecraft:spruce_sapling":31,"minecraft:stone_axe":100,"minecraft:fishing_rod":47,"minecraft:cobblestone":1014,"minecraft:potion":1,"minecraft:porkchop":1,"minecraft:cooked_porkchop":14,"minecraft:bucket":143,"minecraft:yellow_bed":11},"minecraft:picked_up":{"minecraft:wooden_axe":1,"minecraft:iron_chestplate":1,"minecraft:wheat":13,"minecraft:smithing_table":5,"minecraft:lead":1,"minecraft:brewing_stand":3,"minecraft:amethyst_block":7,"minecraft:string":41,"minecraft:raw_copper":18,"minecraft:activator_rail":2,"minecraft:diamond_leggings":1,"minecraft:gold_nugget":2,"minecraft:cobbled_deepslate":141,"minecraft:bucket":1,"minecraft:spruce_planks":130,"minecraft:redstone_torch":35,"minecraft:cobblestone_slab":141,"minecraft:iron_pickaxe":2,"minecraft:furnace":8,"minecraft:stick":32,"minecraft:composter":25,"minecraft:oak_fence":117,"minecraft:torch":16,"minecraft:spruce_stairs":5,"minecraft:porkchop":17,"minecraft:pointed_dripstone":8,"minecraft:diorite":16,"minecraft:rotten_flesh":47,"minecraft:bookshelf":6,"minecraft:obsidian":1,"minecraft:cobblestone":1802,"minecraft:feather":2,"minecraft:cooked_beef":35,"minecraft:water_bucket":2,"minecraft:andesite":12,"minecraft:black_bed":1,"minecraft:brown_wool":1,"minecraft:smoker":10,"minecraft:potato":53,"minecraft:flint":4,"minecraft:tuff":2,"minecraft:lapis_lazuli":23,"minecraft:dirt":1187,"minecraft:glass":3,"minecraft:bone":54,"minecraft:bow":2,"minecraft:wheat_seeds":150,"minecraft:raw_gold":2,"minecraft:bell":17,"minecraft:fletching_table":6,"minecraft:diamond_helmet":1,"minecraft:bamboo":474,"minecraft:powered_rail":36,"minecraft:stone_hoe":40,"minecraft:oak_planks":59,"minecraft:cooked_porkchop":4,"minecraft:sand":269,"minecraft:grass_block":1,"minecraft:loom":27,"minecraft:sugar":1,"minecraft:diamond":65,"minecraft:spruce_boat":18,"minecraft:lever":3,"minecraft:granite":39,"minecraft:bone_meal":1,"minecraft:golden_apple":1,"minecraft:spruce_sign":11,"minecraft:emerald":22,"minecraft:bread":73,"minecraft:oak_sapling":8,"minecraft:diamond_pickaxe":1,"minecraft:crafting_table":36,"minecraft:azure_bluet":31,"minecraft:chicken":1,"minecraft:wooden_pickaxe":1,"minecraft:gold_block":3,"minecraft:shield":2,"minecraft:oak_trapdoor":12,"minecraft:iron_axe":4,"minecraft:beef":56,"minecraft:oak_boat":17,"minecraft:minecart":37,"minecraft:lectern":74,"minecraft:sugar_cane":59,"minecraft:chest":5,"minecraft:spruce_trapdoor":3,"minecraft:phantom_membrane":1,"minecraft:egg":4,"minecraft:raw_iron":180,"minecraft:spruce_fence":2,"minecraft:carrot":148,"minecraft:redstone":220,"minecraft:arrow":22,"minecraft:beetroot_seeds":2,"minecraft:hay_block":89,"minecraft:gold_ingot":24,"minecraft:mutton":8,"minecraft:rail":462,"minecraft:white_wool":3,"minecraft:glow_ink_sac":8,"minecraft:salmon":37,"minecraft:leather":41,"minecraft:oak_log":44,"minecraft:golden_boots":1,"minecraft:yellow_bed":17,"minecraft:gunpowder":13,"minecraft:cooked_mutton":2,"minecraft:apple":1,"minecraft:stone_bricks":2,"minecraft:oak_fence_gate":3,"minecraft:iron_ingot":15,"minecraft:stone_pickaxe":2,"minecraft:smooth_basalt":1,"minecraft:pumpkin":9,"minecraft:sweet_berries":27,"minecraft:stone_brick_slab":8,"minecraft:dandelion":30,"minecraft:gravel":35,"minecraft:spruce_sapling":38,"minecraft:blast_furnace":14,"minecraft:white_bed":47,"minecraft:spruce_log":589,"minecraft:spider_eye":5,"minecraft:oak_wood":1,"minecraft:stone_axe":1,"minecraft:iron_helmet":10,"minecraft:diamond_axe":2,"minecraft:oak_button":2,"minecraft:black_wool":2,"minecraft:coal":667,"minecraft:hopper":17,"minecraft:ender_pearl":2}},"DataVersion":3700}