{"stats":{"minecraft:killed":{"minecraft:skeleton":1,"minecraft:chicken":2,"minecraft:wolf":1,"minecraft:pig":2,"minecraft:sheep":3,"minecraft:zombie":3,"minecraft:cow":2},"minecraft:crafted":{"minecraft:leather_leggings":2,"minecraft:leather_boots":2,"minecraft:furnace":2,"minecraft:cooked_mutton":4,"minecraft:iron_boots":1,"minecraft:iron_axe":1,"minecraft:iron_hoe":1,"minecraft:stone_pickaxe":2,"minecraft:chest":6,"minecraft:cooked_beef":6,"minecraft:crafting_table":1,"minecraft:spruce_planks":156,"minecraft:wooden_pickaxe":1,"minecraft:baked_potato":15,"minecraft:iron_helmet":1,"minecraft:iron_sword":1,"minecraft:leather_helmet":2,"minecraft:stone_axe":1,"minecraft:air":0,"minecraft:light_gray_bed":1,"minecraft:iron_chestplate":1,"minecraft:shield":1,"minecraft:stick":28,"minecraft:iron_ingot":81,"minecraft:leather_chestplate":2,"minecraft:iron_pickaxe":4,"minecraft:iron_leggings":1,"minecraft:light_gray_dye":11,"minecraft:torch":8},"minecraft:mined":{"minecraft:tuff":7,"minecraft:spruce_planks":23,"minecraft:deepslate_diamond_ore":1,"minecraft:ladder":2,"minecraft:granite":6,"minecraft:grass_block":31,"minecraft:light_gray_bed":4,"minecraft:spruce_leaves":3,"minecraft:large_fern":2,"minecraft:furnace":3,"minecraft:carrots":14,"minecraft:iron_ore":68,"minecraft:andesite":28,"minecraft:deepslate_lapis_ore":3,"minecraft:peony":2,"minecraft:pointed_dripstone":1,"minecraft:potatoes":5,"minecraft:deepslate_iron_ore":24,"minecraft:rail":27,"minecraft:bamboo_sapling":1,"minecraft:bamboo":5,"minecraft:stone":570,"minecraft:deepslate_redstone_ore":1,"minecraft:smoker":2,"minecraft:spruce_door":3,"minecraft:oak_fence":1,"minecraft:crafting_table":4,"minecraft:short_grass":3,"minecraft:tall_grass":1,"minecraft:cobblestone":47,"minecraft:lapis_ore":5,"minecraft:deepslate_gold_ore":1,"minecraft:sugar_cane":29,"minecraft:diorite":11,"minecraft:wall_torch":1,"minecraft:powered_rail":5,"minecraft:sweet_berry_bush":33,"minecraft:wheat":26,"minecraft:activator_rail":1,"minecraft:spruce_log":44,"minecraft:yellow_bed":1,"minecraft:coal_ore":110,"minecraft:beetroots":5,"minecraft:gravel":12,"minecraft:dripstone_block":1,"minecraft:dirt":31,"minecraft:gold_ore":3,"minecraft:oak_leaves":4,"minecraft:deepslate":41},"minecraft:broken":{"minecraft:diamond_helmet":1,"minecraft:stone_pickaxe":1,"minecraft:iron_pickaxe":3},"minecraft:dropped":{"minecraft:porkchop":5,"minecraft:cooked_beef":1,"minecraft:ender_pearl":4,"minecraft:activator_rail":1,"minecraft:rail":27,"minecraft:coal":35,"minecraft:stick":5,"minecraft:dirt":24,"minecraft:stone_axe":1,"minecraft:sweet_berries":5,"minecraft:white_bed":2,"minecraft:carrot":23,"minecraft:spruce_planks":38,"minecraft:yellow_bed":6,"minecraft:spruce_log":12,"minecraft:powered_rail":6,"minecraft:stone_pickaxe":1},"minecraft:custom":{"minecraft:mob_kills":14,"minecraft:interact_with_crafting_table":31,"minecraft:leave_game":9,"minecraft:time_since_death":219430,"minecraft:climb_one_cm":17268,"minecraft:sprint_one_cm":441998,"minecraft:walk_one_cm":378134,"minecraft:damage_blocked_by_shield":398,"minecraft:drop":43,"minecraft:play_time":219430,"minecraft:sneak_time":45280,"minecraft:walk_under_water_one_cm":11051,"minecraft:jump":2974,"minecraft:walk_on_water_one_cm":6324,"minecraft:total_world_time":219430,"minecraft:interact_with_furnace":65,"minecraft:sleep_in_bed":12,"minecraft:time_since_rest":7236,"minecraft:damage_taken":1471,"minecraft:damage_dealt":2253,"minecraft:swim_one_cm":5024,"minecraft:fly_one_cm":424750,"minecraft:open_chest":78,"minecraft:crouch_one_cm":146861,"minecraft:interact_with_smoker":6,"minecraft:fall_one_cm":59177},"minecraft:used":{"minecraft:ladder":2,"minecraft:chest":6,"minecraft:spruce_planks":83,"minecraft:shield":9,"minecraft:iron_sword":16,"minecraft:torch":9,"minecraft:dirt":52,"minecraft:carrot":33,"minecraft:tuff":6,"minecraft:grass_block":1,"minecraft:iron_axe":51,"minecraft:bamboo":7,"minecraft:sweet_berries":44,"minecraft:furnace":5,"minecraft:cooked_beef":5,"minecraft:potato":21,"minecraft:cobbled_deepslate":40,"minecraft:pumpkin":3,"minecraft:light_gray_bed":5,"minecraft:cooked_mutton":4,"minecraft:diorite":11,"minecraft:spruce_door":1,"minecraft:stone_pickaxe":131,"minecraft:wooden_pickaxe":6,"minecraft:sugar_cane":21,"minecraft:crafting_table":5,"minecraft:white_bed":2,"minecraft:smoker":2,"minecraft:iron_pickaxe":873,"minecraft:stone_axe":136,"minecraft:cobblestone":411,"minecraft:cooked_porkchop":2,"minecraft:andesite":11,"minecraft:yellow_bed":2},"minecraft:picked_up":{"minecraft:crafting_table":4,"minecraft:wheat":26,"minecraft:azure_bluet":9,"minecraft:ladder":2,"minecraft:raw_copper":3,"minecraft:beetroot":5,"minecraft:activator_rail":1,"minecraft:diamond_leggings":1,"minecraft:cobbled_deepslate":40,"minecraft:spruce_planks":41,"minecraft:beef":6,"minecraft:sugar_cane":53,"minecraft:furnace":3,"minecraft:raw_iron":94,"minecraft:stick":1,"minecraft:torch":2,"minecraft:porkchop":10,"minecraft:pointed_dripstone":4,"minecraft:diorite":11,"minecraft:carrot":70,"minecraft:redstone":5,"minecraft:light_gray_bed":4,"minecraft:arrow":2,"minecraft:rotten_flesh":1,"minecraft:beetroot_seeds":13,"minecraft:diamond_boots":1,"minecraft:mutton":4,"minecraft:rail":27,"minecraft:white_wool":3,"minecraft:cobblestone":630,"minecraft:andesite":28,"minecraft:leather":21,"minecraft:smoker":2,"minecraft:potato":21,"minecraft:flint":1,"minecraft:tuff":7,"minecraft:yellow_bed":4,"minecraft:gunpowder":1,"minecraft:dirt":115,"minecraft:lapis_lazuli":47,"minecraft:bone":1,"minecraft:wheat_seeds":67,"minecraft:raw_gold":4,"minecraft:diamond_helmet":1,"minecraft:bamboo":45,"minecraft:powered_rail":6,"minecraft:cooked_porkchop":2,"minecraft:sweet_berries":49,"minecraft:dandelion":3,"minecraft:gravel":14,"minecraft:dripstone_block":1,"minecraft:spruce_sapling":3,"minecraft:white_bed":2,"minecraft:spruce_log":51,"minecraft:spruce_door":3,"minecraft:diamond":1,"minecraft:stone_axe":1,"minecraft:granite":6,"minecraft:coal":188,"minecraft:ender_pearl":2}},"DataVersion":3700}