{"stats":{"minecraft:dropped":{"minecraft:spruce_log":1},"minecraft:custom":{"minecraft:time_since_rest":14461,"minecraft:sprint_one_cm":33816,"minecraft:interact_with_furnace":1,"minecraft:damage_taken":180,"minecraft:walk_one_cm":49881,"minecraft:drop":1,"minecraft:damage_dealt":361,"minecraft:interact_with_crafting_table":6,"minecraft:fly_one_cm":18620,"minecraft:crouch_one_cm":3585,"minecraft:play_time":14461,"minecraft:sneak_time":1175,"minecraft:walk_under_water_one_cm":2383,"minecraft:jump":163,"minecraft:leave_game":1,"minecraft:time_since_death":14461,"minecraft:walk_on_water_one_cm":976,"minecraft:total_world_time":14461,"minecraft:fall_one_cm":2684},"minecraft:mined":{"minecraft:large_fern":10,"minecraft:brown_mushroom":1,"minecraft:spruce_log":8,"minecraft:crafting_table":1,"minecraft:coal_ore":22,"minecraft:spruce_leaves":3,"minecraft:stone":21},"minecraft:used":{"minecraft:wooden_axe":12,"minecraft:stone_pickaxe":45,"minecraft:spruce_planks":22,"minecraft:wooden_pickaxe":5,"minecraft:crafting_table":1,"minecraft:furnace":1},"minecraft:picked_up":{"minecraft:stick":2,"minecraft:crafting_table":1,"minecraft:brown_mushroom":1,"minecraft:spruce_sapling":5,"minecraft:spruce_log":9,"minecraft:bone":1,"minecraft:wheat_seeds":2,"minecraft:spruce_planks":35,"minecraft:coal":22,"minecraft:cobblestone":21},"minecraft:crafted":{"minecraft:spruce_planks":32,"minecraft:stick":4,"minecraft:wooden_pickaxe":1,"minecraft:stone_pickaxe":1,"minecraft:wooden_axe":1,"minecraft:furnace":1}},"DataVersion":3700}