{"stats":{"minecraft:dropped":{"minecraft:wheat_seeds":2,"minecraft:string":1,"minecraft:fishing_rod":2,"minecraft:stone_brick_slab":3,"minecraft:dandelion":64,"minecraft:gravel":1,"minecraft:cobbled_deepslate":16,"minecraft:stone_shovel":1,"minecraft:rotten_flesh":4,"minecraft:diamond_shovel":2,"minecraft:azure_bluet":5,"minecraft:chest":1,"minecraft:bamboo":12,"minecraft:spruce_slab":5,"minecraft:spruce_log":214},"minecraft:killed":{"minecraft:spider":2,"minecraft:skeleton":8,"minecraft:chicken":3,"minecraft:pig":1,"minecraft:creeper":5,"minecraft:sheep":8,"minecraft:zombie":12,"minecraft:villager":1,"minecraft:enderman":1,"minecraft:cow":1},"minecraft:custom":{"minecraft:mob_kills":42,"minecraft:interact_with_crafting_table":25,"minecraft:leave_game":7,"minecraft:time_since_death":31877,"minecraft:climb_one_cm":10964,"minecraft:sprint_one_cm":575533,"minecraft:walk_one_cm":928615,"minecraft:drop":22,"minecraft:talked_to_villager":1,"minecraft:play_time":219506,"minecraft:sneak_time":17136,"minecraft:deaths":2,"minecraft:walk_under_water_one_cm":7070,"minecraft:jump":3769,"minecraft:interact_with_blast_furnace":1,"minecraft:walk_on_water_one_cm":39768,"minecraft:total_world_time":219506,"minecraft:interact_with_furnace":21,"minecraft:interact_with_grindstone":1,"minecraft:sleep_in_bed":7,"minecraft:time_since_rest":25384,"minecraft:damage_taken":1657,"minecraft:damage_dealt":6460,"minecraft:swim_one_cm":22538,"minecraft:fly_one_cm":663893,"minecraft:open_chest":93,"minecraft:crouch_one_cm":97365,"minecraft:interact_with_smoker":9,"minecraft:fall_one_cm":92532},"minecraft:mined":{"minecraft:spruce_planks":7,"minecraft:granite":1,"minecraft:grass_block":3763,"minecraft:spruce_leaves":177,"minecraft:large_fern":25,"minecraft:spruce_sapling":8,"minecraft:iron_ore":5,"minecraft:azure_bluet":17,"minecraft:bookshelf":8,"minecraft:pointed_dripstone":1,"minecraft:dirt_path":1,"minecraft:bamboo":5,"minecraft:stone":124,"minecraft:spruce_slab":3,"minecraft:dandelion":27,"minecraft:oak_fence":2,"minecraft:crafting_table":4,"minecraft:short_grass":477,"minecraft:poppy":1,"minecraft:tall_grass":102,"minecraft:cobblestone":19,"minecraft:grindstone":1,"minecraft:sugar_cane":8,"minecraft:oak_planks":16,"minecraft:wall_torch":1,"minecraft:spruce_stairs":1,"minecraft:sweet_berry_bush":54,"minecraft:spruce_log":406,"minecraft:oak_log":21,"minecraft:coal_ore":5,"minecraft:dirt":756,"minecraft:oak_leaves":5,"minecraft:fern":12},"minecraft:used":{"minecraft:oak_fence":12,"minecraft:stone_shovel":824,"minecraft:chest":6,"minecraft:spruce_planks":2,"minecraft:torch":47,"minecraft:dirt":4135,"minecraft:mutton":10,"minecraft:spruce_stairs":1,"minecraft:diamond_helmet":1,"minecraft:azure_bluet":2,"minecraft:oak_fence_gate":1,"minecraft:wooden_axe":19,"minecraft:bookshelf":8,"minecraft:iron_helmet":1,"minecraft:bamboo":2,"minecraft:diamond_chestplate":1,"minecraft:sweet_berries":117,"minecraft:egg":5,"minecraft:water_bucket":112,"minecraft:diamond_boots":1,"minecraft:stone_pickaxe":17,"minecraft:baked_potato":14,"minecraft:wooden_pickaxe":3,"minecraft:diamond_axe":337,"minecraft:crafting_table":5,"minecraft:spruce_log":18,"minecraft:smoker":1,"minecraft:diamond_pickaxe":88,"minecraft:diamond_shovel":4034,"minecraft:chicken":1,"minecraft:iron_pickaxe":51,"minecraft:spruce_sapling":8,"minecraft:stone_axe":207,"minecraft:cobblestone":11,"minecraft:grindstone":2,"minecraft:cooked_porkchop":1,"minecraft:bucket":113,"minecraft:yellow_bed":1,"minecraft:oak_boat":2,"minecraft:dandelion":1,"minecraft:diamond_leggings":1},"minecraft:picked_up":{"minecraft:fishing_rod":3,"minecraft:crafting_table":4,"minecraft:iron_chestplate":1,"minecraft:azure_bluet":100,"minecraft:chicken":3,"minecraft:leather_leggings":1,"minecraft:wooden_pickaxe":1,"minecraft:cornflower":1,"minecraft:string":4,"minecraft:raw_copper":9,"minecraft:iron_leggings":1,"minecraft:beetroot":5,"minecraft:diamond_leggings":1,"minecraft:gold_nugget":2,"minecraft:cobbled_deepslate":24,"minecraft:spruce_planks":16,"minecraft:beef":2,"minecraft:oak_boat":2,"minecraft:poppy":5,"minecraft:light_gray_wool":1,"minecraft:spruce_slab":16,"minecraft:sugar_cane":15,"minecraft:chest":2,"minecraft:iron_boots":1,"minecraft:egg":9,"minecraft:stick":80,"minecraft:raw_iron":5,"minecraft:stone":2,"minecraft:composter":4,"minecraft:oak_fence":2,"minecraft:torch":26,"minecraft:spruce_stairs":1,"minecraft:porkchop":2,"minecraft:pointed_dripstone":5,"minecraft:redstone":5,"minecraft:diamond_chestplate":1,"minecraft:arrow":13,"minecraft:rotten_flesh":20,"minecraft:stone_shovel":6,"minecraft:diamond_boots":1,"minecraft:mutton":10,"minecraft:white_wool":8,"minecraft:cobblestone":227,"minecraft:oxeye_daisy":2,"minecraft:feather":1,"minecraft:glow_ink_sac":2,"minecraft:water_bucket":1,"minecraft:flint":1,"minecraft:oak_log":21,"minecraft:tuff":1,"minecraft:light_gray_dye":6,"minecraft:gunpowder":6,"minecraft:dirt":5704,"minecraft:bone":10,"minecraft:bow":1,"minecraft:wheat_seeds":308,"minecraft:rabbit_hide":2,"minecraft:grindstone":1,"minecraft:iron_ingot":30,"minecraft:diamond_helmet":1,"minecraft:bamboo":167,"minecraft:oak_planks":16,"minecraft:book":25,"minecraft:sweet_berries":150,"minecraft:stone_brick_slab":6,"minecraft:dandelion":204,"minecraft:gravel":2,"minecraft:spruce_sapling":178,"minecraft:grass_block":1,"minecraft:white_bed":1,"minecraft:spruce_log":402,"minecraft:spruce_door":2,"minecraft:diamond_shovel":3,"minecraft:stone_axe":2,"minecraft:iron_helmet":1,"minecraft:granite":7,"minecraft:diamond_axe":1,"minecraft:gray_wool":2,"minecraft:baked_potato":8,"minecraft:black_wool":2,"minecraft:coal":36,"minecraft:diamond_pickaxe":1},"minecraft:broken":{"minecraft:stone_axe":1,"minecraft:stone_shovel":4},"minecraft:crafted":{"minecraft:grindstone":1,"minecraft:oak_planks":84,"minecraft:stone_shovel":10,"minecraft:diamond_shovel":1,"minecraft:bookshelf":8,"minecraft:diamond_helmet":1,"minecraft:diamond_leggings":1,"minecraft:iron_boots":1,"minecraft:stone_pickaxe":1,"minecraft:chest":4,"minecraft:diamond_boots":1,"minecraft:oak_fence":21,"minecraft:diamond_axe":1,"minecraft:crafting_table":2,"minecraft:spruce_planks":112,"minecraft:iron_helmet":1,"minecraft:wooden_pickaxe":1,"minecraft:bucket":1,"minecraft:stone_axe":2,"minecraft:air":0,"minecraft:oak_fence_gate":1,"minecraft:oak_boat":1,"minecraft:iron_chestplate":1,"minecraft:diamond_pickaxe":1,"minecraft:stick":36,"minecraft:stone_slab":6,"minecraft:iron_ingot":5,"minecraft:iron_pickaxe":1,"minecraft:wooden_axe":1,"minecraft:iron_leggings":1,"minecraft:torch":48,"minecraft:diamond_chestplate":1}},"DataVersion":3700}