{"stats":{"minecraft:killed":{"minecraft:sheep":1,"minecraft:cow":8},"minecraft:crafted":{"minecraft:crafting_table":1,"minecraft:spruce_planks":28,"minecraft:stick":4,"minecraft:wooden_axe":1},"minecraft:mined":{"minecraft:sweet_berry_bush":8,"minecraft:spruce_log":7,"minecraft:sugar_cane":6,"minecraft:crafting_table":1},"minecraft:custom":{"minecraft:time_since_rest":6030,"minecraft:crouch_one_cm":29,"minecraft:sprint_one_cm":28732,"minecraft:play_time":6030,"minecraft:damage_taken":40,"minecraft:walk_one_cm":6675,"minecraft:sneak_time":7,"minecraft:walk_under_water_one_cm":183,"minecraft:mob_kills":9,"minecraft:jump":167,"minecraft:damage_dealt":880,"minecraft:walk_on_water_one_cm":838,"minecraft:leave_game":2,"minecraft:time_since_death":6030,"minecraft:total_world_time":6030,"minecraft:swim_one_cm":1610,"minecraft:interact_with_crafting_table":1,"minecraft:fall_one_cm":3972,"minecraft:fly_one_cm":32476},"minecraft:used":{"minecraft:wooden_axe":14,"minecraft:sweet_berries":4,"minecraft:crafting_table":1},"minecraft:picked_up":{"minecraft:crafting_table":1,"minecraft:sweet_berries":23,"minecraft:leather":6,"minecraft:beef":17,"minecraft:spruce_log":7,"minecraft:sugar_cane":14,"minecraft:mutton":1,"minecraft:white_wool":1}},"DataVersion":3700}