{"stats":{"minecraft:dropped":{"minecraft:crimson_stem":7,"minecraft:iron_sword":1,"minecraft:porkchop":1,"minecraft:diamond_axe":3,"minecraft:glow_ink_sac":4,"minecraft:leather":13,"minecraft:dirt":159,"minecraft:dark_oak_log":4,"minecraft:cornflower":1,"minecraft:polished_blackstone_bricks":3,"minecraft:iron_pickaxe":9,"minecraft:birch_log":5,"minecraft:bone":1,"minecraft:stone_axe":1,"minecraft:cobbled_deepslate":33,"minecraft:rotten_flesh":9,"minecraft:azure_bluet":1,"minecraft:white_bed":2,"minecraft:carrot":1,"minecraft:poppy":24,"minecraft:oak_fence_gate":1,"minecraft:jungle_log":11,"minecraft:glass":2,"minecraft:netherrack":1,"minecraft:water_bucket":1,"minecraft:wheat_seeds":22,"minecraft:mossy_cobblestone":1,"minecraft:poisonous_potato":1,"minecraft:oak_fence":4,"minecraft:cobblestone":70,"minecraft:chainmail_helmet":21,"minecraft:grass_block":2,"minecraft:stick":3,"minecraft:diorite":11,"minecraft:torch":2,"minecraft:nether_wart_block":1,"minecraft:wooden_axe":1,"minecraft:cherry_planks":2,"minecraft:iron_axe":45,"minecraft:chainmail_leggings":13,"minecraft:iron_shovel":1,"minecraft:string":2,"minecraft:dandelion":3,"minecraft:sweet_berries":2,"minecraft:warped_nylium":1,"minecraft:netherite_hoe":1,"minecraft:oak_trapdoor":1,"minecraft:stone_sword":1,"minecraft:tuff":11,"minecraft:stone_shovel":110,"minecraft:chicken":1,"minecraft:clay_ball":4,"minecraft:iron_boots":12,"minecraft:andesite":10,"minecraft:stone_bricks":3,"minecraft:bamboo":1,"minecraft:spruce_log":17,"minecraft:stone_pickaxe":2,"minecraft:wooden_pickaxe":1,"minecraft:bell":22},"minecraft:killed":{"minecraft:spider":6,"minecraft:skeleton":10,"minecraft:chicken":1,"minecraft:magma_cube":32,"minecraft:pig":7,"minecraft:iron_golem":26,"minecraft:creeper":9,"minecraft:sheep":9,"minecraft:zombie":24,"minecraft:blaze":2,"minecraft:cow":21,"minecraft:wither_skeleton":2,"minecraft:enderman":6},"minecraft:custom":{"minecraft:interact_with_crafting_table":76,"minecraft:bell_ring":14,"minecraft:leave_game":46,"minecraft:time_since_death":139621,"minecraft:sprint_one_cm":1753664,"minecraft:drop":466,"minecraft:talked_to_villager":305,"minecraft:play_time":828950,"minecraft:deaths":5,"minecraft:jump":14867,"minecraft:walk_on_water_one_cm":107252,"minecraft:interact_with_furnace":94,"minecraft:traded_with_villager":763,"minecraft:sleep_in_bed":37,"minecraft:damage_dealt":42410,"minecraft:crouch_one_cm":231912,"minecraft:mob_kills":159,"minecraft:climb_one_cm":158871,"minecraft:walk_one_cm":2411511,"minecraft:sneak_time":58786,"minecraft:walk_under_water_one_cm":34769,"minecraft:boat_one_cm":106171,"minecraft:interact_with_blast_furnace":1,"minecraft:total_world_time":828950,"minecraft:interact_with_grindstone":5,"minecraft:time_since_rest":19399,"minecraft:damage_taken":7845,"minecraft:swim_one_cm":111540,"minecraft:fly_one_cm":2960761,"minecraft:open_chest":379,"minecraft:fall_one_cm":442424},"minecraft:mined":{"minecraft:spruce_planks":4,"minecraft:white_bed":25,"minecraft:farmland":1,"minecraft:cobblestone_stairs":7,"minecraft:cherry_log":42,"minecraft:jungle_leaves":67,"minecraft:obsidian":11,"minecraft:granite":11,"minecraft:grass_block":583,"minecraft:yellow_carpet":4,"minecraft:jungle_log":11,"minecraft:oak_pressure_plate":1,"minecraft:composter":1,"minecraft:oak_wall_sign":4,"minecraft:polished_blackstone_bricks":3,"minecraft:raw_iron_block":1,"minecraft:iron_ore":10,"minecraft:fire":37,"minecraft:fletching_table":28,"minecraft:deepslate_lapis_ore":8,"minecraft:azure_bluet":1,"minecraft:dirt_path":37,"minecraft:oak_stairs":335,"minecraft:clay":1,"minecraft:torch":1,"minecraft:blast_furnace":31,"minecraft:poppy":1,"minecraft:chest":3,"minecraft:glass":1,"minecraft:cobblestone":275,"minecraft:grindstone":11,"minecraft:sugar_cane":19,"minecraft:oak_planks":348,"minecraft:wall_torch":3,"minecraft:white_terracotta":31,"minecraft:nether_wart_block":1,"minecraft:yellow_wool":9,"minecraft:birch_log":5,"minecraft:stripped_oak_wood":1,"minecraft:oak_log":91,"minecraft:oak_fence_gate":3,"minecraft:sand":129,"minecraft:dirt":872,"minecraft:stonecutter":7,"minecraft:netherrack":85,"minecraft:oak_leaves":7,"minecraft:deepslate":83,"minecraft:tuff":11,"minecraft:mossy_cobblestone":25,"minecraft:dark_oak_leaves":28,"minecraft:deepslate_diamond_ore":5,"minecraft:oak_door":6,"minecraft:dark_oak_log":4,"minecraft:spruce_leaves":150,"minecraft:cartography_table":1,"minecraft:crimson_stem":7,"minecraft:hay_block":9,"minecraft:oak_trapdoor":7,"minecraft:spruce_sapling":7,"minecraft:carrots":5,"minecraft:andesite":10,"minecraft:stripped_spruce_log":1,"minecraft:bell":4,"minecraft:potatoes":21,"minecraft:deepslate_iron_ore":106,"minecraft:vine":3,"minecraft:rail":14,"minecraft:stripped_oak_log":57,"minecraft:bamboo_sapling":4,"minecraft:bamboo":71,"minecraft:stone":356,"minecraft:bone_block":22,"minecraft:white_wool":9,"minecraft:podzol":1,"minecraft:oak_slab":29,"minecraft:scaffolding":9,"minecraft:glass_pane":18,"minecraft:cherry_planks":154,"minecraft:soul_sand":7,"minecraft:lily_of_the_valley":16,"minecraft:dandelion":3,"minecraft:oak_fence":55,"minecraft:crafting_table":7,"minecraft:short_grass":133,"minecraft:tall_grass":16,"minecraft:deepslate_gold_ore":13,"minecraft:lapis_ore":3,"minecraft:diorite":13,"minecraft:sweet_berry_bush":59,"minecraft:white_carpet":3,"minecraft:spruce_log":1922,"minecraft:birch_leaves":7,"minecraft:yellow_bed":24,"minecraft:coal_ore":181,"minecraft:cherry_leaves":2,"minecraft:gravel":125,"minecraft:stone_bricks":4,"minecraft:fern":1},"minecraft:used":{"minecraft:cherry_sapling":6,"minecraft:iron_shovel":1197,"minecraft:oak_sign":21,"minecraft:poppy":1,"minecraft:chest":7,"minecraft:iron_sword":330,"minecraft:bell":4,"minecraft:farmland":5,"minecraft:soul_sand":5,"minecraft:lily_of_the_valley":16,"minecraft:carrot":6,"minecraft:obsidian":10,"minecraft:glass":98,"minecraft:lava_bucket":17,"minecraft:villager_spawn_egg":6,"minecraft:stone_bricks":476,"minecraft:sweet_berries":67,"minecraft:scaffolding":80,"minecraft:furnace":4,"minecraft:potato":253,"minecraft:diorite":2,"minecraft:stone_pickaxe":504,"minecraft:oak_planks":21,"minecraft:wooden_pickaxe":3,"minecraft:composter":6,"minecraft:diamond_axe":532,"minecraft:golden_hoe":96,"minecraft:blast_furnace":32,"minecraft:blue_ice":1,"minecraft:bread":53,"minecraft:gravel":95,"minecraft:diamond_sword":155,"minecraft:grindstone":13,"minecraft:smithing_table":1,"minecraft:oak_boat":7,"minecraft:bone_meal":138,"minecraft:oak_trapdoor":15,"minecraft:stone_sword":258,"minecraft:flint_and_steel":50,"minecraft:stone_shovel":403,"minecraft:spruce_planks":84,"minecraft:netherrack":2,"minecraft:torch":40,"minecraft:dirt":1300,"minecraft:white_carpet":7,"minecraft:yellow_carpet":8,"minecraft:iron_hoe":184,"minecraft:wooden_axe":18,"minecraft:iron_axe":1632,"minecraft:oak_stairs":9,"minecraft:iron_boots":2,"minecraft:bamboo":73,"minecraft:golden_carrot":16,"minecraft:beef":2,"minecraft:minecart":3,"minecraft:cooked_beef":42,"minecraft:cobbled_deepslate":57,"minecraft:cooked_mutton":5,"minecraft:water_bucket":80,"minecraft:cherry_planks":608,"minecraft:fletching_table":36,"minecraft:stonecutter":5,"minecraft:rail":56,"minecraft:oak_slab":2,"minecraft:crafting_table":11,"minecraft:white_bed":39,"minecraft:spruce_log":9,"minecraft:oak_log":5,"minecraft:diamond_pickaxe":516,"minecraft:iron_pickaxe":323,"minecraft:spruce_sapling":103,"minecraft:stone_axe":1051,"minecraft:cobblestone":146,"minecraft:cooked_porkchop":6,"minecraft:bucket":81,"minecraft:yellow_bed":24,"minecraft:stripped_oak_log":6,"minecraft:dandelion":1,"minecraft:chainmail_leggings":1},"minecraft:picked_up":{"minecraft:yellow_wool":9,"minecraft:oak_stairs":332,"minecraft:string":6,"minecraft:oak_sign":4,"minecraft:diamond_leggings":1,"minecraft:cobbled_deepslate":90,"minecraft:spruce_planks":324,"minecraft:iron_pickaxe":3,"minecraft:iron_boots":1,"minecraft:stick":399,"minecraft:composter":1,"minecraft:oak_fence":55,"minecraft:torch":40,"minecraft:porkchop":9,"minecraft:cherry_log":42,"minecraft:diorite":13,"minecraft:rotten_flesh":9,"minecraft:white_terracotta":31,"minecraft:blaze_rod":1,"minecraft:obsidian":10,"minecraft:cobblestone":620,"minecraft:birch_log":5,"minecraft:pink_petals":16,"minecraft:cooked_beef":24,"minecraft:magma_cream":1,"minecraft:cherry_planks":154,"minecraft:andesite":10,"minecraft:jungle_log":11,"minecraft:potato":72,"minecraft:flint":16,"minecraft:tuff":11,"minecraft:map":1,"minecraft:lapis_lazuli":82,"minecraft:dirt":1629,"minecraft:glass":1,"minecraft:bone":8,"minecraft:stonecutter":7,"minecraft:bow":1,"minecraft:wheat_seeds":22,"minecraft:raw_gold":14,"minecraft:bell":4,"minecraft:grindstone":11,"minecraft:diamond_helmet":1,"minecraft:fletching_table":28,"minecraft:bamboo":804,"minecraft:oak_planks":348,"minecraft:cooked_porkchop":6,"minecraft:oak_pressure_plate":1,"minecraft:poisonous_potato":1,"minecraft:sand":128,"minecraft:stripped_spruce_log":1,"minecraft:grass_block":2,"minecraft:lily_of_the_valley":16,"minecraft:dark_oak_log":4,"minecraft:mossy_cobblestone":25,"minecraft:yellow_carpet":8,"minecraft:diamond":7,"minecraft:granite":11,"minecraft:bone_meal":59,"minecraft:emerald":99,"minecraft:chainmail_helmet":1,"minecraft:netherrack":66,"minecraft:crafting_table":7,"minecraft:azure_bluet":1,"minecraft:chicken":1,"minecraft:clay_ball":4,"minecraft:cornflower":1,"minecraft:oak_trapdoor":6,"minecraft:iron_axe":7,"minecraft:compass":2,"minecraft:white_carpet":7,"minecraft:iron_shovel":2,"minecraft:beef":36,"minecraft:oak_boat":7,"minecraft:jungle_sapling":1,"minecraft:poppy":31,"minecraft:minecart":3,"minecraft:sugar_cane":46,"minecraft:chest":3,"minecraft:birch_sapling":1,"minecraft:dark_oak_sapling":1,"minecraft:raw_iron":141,"minecraft:oak_door":6,"minecraft:polished_blackstone_bricks":3,"minecraft:carrot":17,"minecraft:stone_shovel":4,"minecraft:diamond_chestplate":1,"minecraft:arrow":6,"minecraft:diamond_boots":1,"minecraft:hay_block":9,"minecraft:mutton":7,"minecraft:white_wool":18,"minecraft:rail":15,"minecraft:bone_block":22,"minecraft:stripped_oak_log":57,"minecraft:golden_carrot":11,"minecraft:glow_ink_sac":4,"minecraft:crimson_stem":7,"minecraft:leather":36,"minecraft:oak_log":91,"minecraft:nether_wart_block":1,"minecraft:yellow_bed":24,"minecraft:gunpowder":6,"minecraft:cobblestone_stairs":7,"minecraft:cooked_mutton":8,"minecraft:stone_bricks":5,"minecraft:oak_fence_gate":3,"minecraft:iron_ingot":119,"minecraft:stripped_oak_wood":1,"minecraft:soul_sand":7,"minecraft:iron_sword":2,"minecraft:scaffolding":39,"minecraft:oak_slab":29,"minecraft:sweet_berries":145,"minecraft:dandelion":7,"minecraft:raw_iron_block":1,"minecraft:gravel":109,"minecraft:spruce_sapling":240,"minecraft:blast_furnace":31,"minecraft:white_bed":26,"minecraft:spruce_log":2462,"minecraft:chainmail_leggings":2,"minecraft:diamond_axe":1,"minecraft:cherry_sapling":6,"minecraft:warped_nylium":1,"minecraft:coal":185,"minecraft:ender_pearl":4},"minecraft:killed_by":{"minecraft:zombie":2,"minecraft:enderman":1,"minecraft:iron_golem":1},"minecraft:broken":{"minecraft:iron_shovel":3,"minecraft:stone_pickaxe":2,"minecraft:stone_axe":7,"minecraft:stone_shovel":3,"minecraft:stone_sword":1,"minecraft:iron_axe":2},"minecraft:crafted":{"minecraft:grindstone":2,"minecraft:oak_planks":552,"minecraft:smooth_stone":3,"minecraft:chainmail_helmet":20,"minecraft:oak_sign":12,"minecraft:cherry_slab":48,"minecraft:stone":222,"minecraft:glass":128,"minecraft:diamond_helmet":1,"minecraft:diamond_leggings":1,"minecraft:iron_boots":12,"minecraft:chest":4,"minecraft:rail":112,"minecraft:stone_bricks":216,"minecraft:emerald":536,"minecraft:diamond_axe":4,"minecraft:crafting_table":5,"minecraft:spruce_planks":7748,"minecraft:wooden_pickaxe":1,"minecraft:smithing_table":1,"minecraft:fletching_table":8,"minecraft:diamond_pickaxe":1,"minecraft:stone_slab":6,"minecraft:stick":17033,"minecraft:iron_pickaxe":10,"minecraft:stone_sword":2,"minecraft:composter":1,"minecraft:cherry_planks":168,"minecraft:raw_iron":9,"minecraft:stone_shovel":109,"minecraft:furnace":5,"minecraft:blast_furnace":1,"minecraft:bone_meal":279,"minecraft:scaffolding":12,"minecraft:iron_axe":43,"minecraft:iron_hoe":1,"minecraft:stone_pickaxe":4,"minecraft:diamond_boots":1,"minecraft:chainmail_leggings":12,"minecraft:minecart":1,"minecraft:wheat":81,"minecraft:cooked_beef":31,"minecraft:diamond_sword":1,"minecraft:iron_sword":2,"minecraft:bell":22,"minecraft:bucket":1,"minecraft:stone_axe":8,"minecraft:bread":27,"minecraft:air":0,"minecraft:oak_boat":2,"minecraft:wooden_axe":1,"minecraft:iron_shovel":5,"minecraft:white_bed":4,"minecraft:diamond_chestplate":1}},"DataVersion":3700}