{"stats":{"minecraft:dropped":{"minecraft:tipped_arrow":1,"minecraft:torch":1,"minecraft:rotten_flesh":9,"minecraft:string":2,"minecraft:flint_and_steel":1,"minecraft:netherrack":1,"minecraft:stick":1},"minecraft:killed":{"minecraft:sheep":1,"minecraft:zombie":5,"minecraft:stray":1,"minecraft:iron_golem":1,"minecraft:cow":2},"minecraft:custom":{"minecraft:time_since_rest":5037,"minecraft:interact_with_furnace":3,"minecraft:sprint_one_cm":86983,"minecraft:damage_taken":554,"minecraft:walk_one_cm":48498,"minecraft:mob_kills":13,"minecraft:drop":7,"minecraft:damage_dealt":2948,"minecraft:talked_to_villager":1,"minecraft:interact_with_crafting_table":4,"minecraft:fly_one_cm":97122,"minecraft:open_chest":8,"minecraft:crouch_one_cm":6847,"minecraft:play_time":21396,"minecraft:sneak_time":2406,"minecraft:jump":499,"minecraft:time_since_death":21396,"minecraft:sleep_in_bed":3,"minecraft:total_world_time":21396,"minecraft:fall_one_cm":12755},"minecraft:mined":{"minecraft:spruce_planks":2,"minecraft:white_bed":4,"minecraft:furnace":2,"minecraft:fire":1,"minecraft:spruce_log":15,"minecraft:crafting_table":1,"minecraft:grass_block":2,"minecraft:coal_ore":24,"minecraft:packed_ice":8,"minecraft:cobblestone":4,"minecraft:spruce_leaves":4,"minecraft:stone":24,"minecraft:netherrack":1,"minecraft:blue_bed":5},"minecraft:used":{"minecraft:cooked_mutton":3,"minecraft:stone_sword":18,"minecraft:flint_and_steel":1,"minecraft:baked_potato":3,"minecraft:bread":4,"minecraft:stone_pickaxe":49,"minecraft:spruce_planks":4,"minecraft:wooden_pickaxe":3,"minecraft:blue_bed":2,"minecraft:stone_axe":27,"minecraft:golden_sword":30,"minecraft:dirt":2,"minecraft:cobblestone":13,"minecraft:crafting_table":2,"minecraft:golden_pickaxe":7,"minecraft:spruce_log":3},"minecraft:picked_up":{"minecraft:tipped_arrow":1,"minecraft:crafting_table":1,"minecraft:leather":3,"minecraft:torch":1,"minecraft:string":2,"minecraft:white_bed":4,"minecraft:spruce_log":15,"minecraft:blue_bed":5,"minecraft:dirt":2,"minecraft:flint_and_steel":1,"minecraft:cooked_mutton":3,"minecraft:arrow":2,"minecraft:rotten_flesh":12,"minecraft:spruce_planks":2,"minecraft:iron_ingot":4,"minecraft:beef":5,"minecraft:netherrack":1,"minecraft:coal":24,"minecraft:white_wool":1,"minecraft:cobblestone":28,"minecraft:furnace":2},"minecraft:crafted":{"minecraft:crafting_table":1,"minecraft:spruce_planks":48,"minecraft:stick":8,"minecraft:baked_potato":3,"minecraft:wooden_pickaxe":1,"minecraft:stone_pickaxe":1,"minecraft:stone_sword":1,"minecraft:stone_axe":1,"minecraft:air":0},"minecraft:broken":{"minecraft:golden_sword":1}},"DataVersion":3700}